Workbook

Sheet Dati
A1: Età (x) | B1: Obesità (y)
A2: 35 | B2: 0
A3: 45 | B3: 0
A4: 55 | B4: 0
A5: 25 | B5: 0
A6: 65 | B6: 1
A7: 80 | B7: 0
A8: 48 | B8: 0
A9: 82 | B9: 0
A10: 81 | B10: 0
A11: 73 | B11: 0
A12: 84 | B12: 1
A13: 62 | B13: 1
... A46: 61 | B46: 0

Sheet Iterazioni
A1: Iterazioni | B1: Theta_0 (Bias) | C1: Theta_1 (Età) | D1: Log-Loss
A2: 1 | B2: 0 | C2: 0 | D2: =TRUNC(AVERAGE('Calcoli-iter-1'!F$2:F$46),3) -> 0.301
A3: 2 | B3: =TRUNC(B2-0.01*AVERAGE('Calcoli-iter-1'!D$2:D$46),3) -> -0.003 | C3: =TRUNC(C2 - 0.01 * AVERAGE('Calcoli-iter-1'!E$2:E$46),3) -> -0.169 | D3: =ROUNDUP(AVERAGE('Calcoli-iter-2'!F$2:F$46),3) -> 0.972
A4: 3 | B4: =TRUNC(B3-0.01*AVERAGE('Calcoli-iter-2'!D$2:D$46),3) -> -0.001 | C4: =TRUNC(C3 - 0.01 * AVERAGE('Calcoli-iter-2'!E$2:E$46),3) -> -0.037 | D4: =ROUNDUP(AVERAGE('Calcoli-iter-3'!F$2:F$46),3) -> 0.265
A5: 4 | B5: =ROUNDUP(B4-0.01*AVERAGE('Calcoli-iter-3'!D$2:D$46),3) -> -0.001 | C5: =TRUNC(C4 - 0.01 * AVERAGE('Calcoli-iter-3'!E$2:E$46),3) -> 0.038 | D5: =ROUNDUP(AVERAGE('Calcoli-iter-4'!F$2:F$46),3) -> 0.853
A6: 5 | B6: =TRUNC(B5-0.01*AVERAGE('Calcoli-iter-4'!D$2:D$46),3) -> -0.008 | C6: =ROUNDUP(C5 - 0.01 * AVERAGE('Calcoli-iter-4'!E$2:E$46),3) -> -0.383 | D6: =TRUNC(AVERAGE('Calcoli-iter-5'!F$2:F$46),3) -> 2.199
A7: 6 | B7: =TRUNC(B6-0.01*AVERAGE('Calcoli-iter-5'!D$2:D$46),3) -> -0.006 | C7: =TRUNC(C6 - 0.01 * AVERAGE('Calcoli-iter-5'!E$2:E$46),3) -> -0.25 | D7: =TRUNC(AVERAGE('Calcoli-iter-6'!F$2:F$46),3) -> 1.436

Sheet Calcoli-iter-1
A1: Età (X) | B1: Obesità (Y) | C1: Sigmoide | D1: Errore | E1: Errore*x | F1: LogLoss_i
A2: 35 | B2: 0 | C2: =1 / (1 + EXP(-(Iterazioni!$B$2 + Iterazioni!$C$2 * Dati!A2))) -> 0.5 | D2: =C2 - Dati!B2 -> 0.5 | E2: =D2 * Dati!A2 -> 17.5 | F2: =- (Dati!B2 * LOG(C2) + (1 - Dati!B2) * LOG(1 - C2)) -> 0.30103
A3: 45 | B3: 0 | C3: =1 / (1 + EXP(-(Iterazioni!$B$2 + Iterazioni!$C$2 * Dati!A3))) -> 0.5 | D3: =C3 - Dati!B3 -> 0.5 | E3: =D3 * Dati!A3 -> 22.5 | F3: =- (Dati!B3 * LOG(C3) + (1 - Dati!B3) * LOG(1 - C3)) -> 0.30103
A4: 55 | B4: 0 | C4: =1 / (1 + EXP(-(Iterazioni!$B$2 + Iterazioni!$C$2 * Dati!A4))) -> 0.5 | D4: =C4 - Dati!B4 -> 0.5 | E4: =D4 * Dati!A4 -> 27.5 | F4: =- (Dati!B4 * LOG(C4) + (1 - Dati!B4) * LOG(1 - C4)) -> 0.30103
A5: 25 | B5: 0 | C5: =1 / (1 + EXP(-(Iterazioni!$B$2 + Iterazioni!$C$2 * Dati!A5))) -> 0.5 | D5: =C5 - Dati!B5 -> 0.5 | E5: =D5 * Dati!A5 -> 12.5 | F5: =- (Dati!B5 * LOG(C5) + (1 - Dati!B5) * LOG(1 - C5)) -> 0.30103
A6: 65 | B6: 1 | C6: =1 / (1 + EXP(-(Iterazioni!$B$2 + Iterazioni!$C$2 * Dati!A6))) -> 0.5 | D6: =C6 - Dati!B6 -> -0.5 | E6: =D6 * Dati!A6 -> -32.5 | F6: =- (Dati!B6 * LOG(C6) + (1 - Dati!B6) * LOG(1 - C6)) -> 0.30103
A7: 80 | B7: 0 | C7: =1 / (1 + EXP(-(Iterazioni!$B$2 + Iterazioni!$C$2 * Dati!A7))) -> 0.5 | D7: =C7 - Dati!B7 -> 0.5 | E7: =D7 * Dati!A7 -> 40 | F7: =- (Dati!B7 * LOG(C7) + (1 - Dati!B7) * LOG(1 - C7)) -> 0.30103
A8: 48 | B8: 0 | C8: =1 / (1 + EXP(-(Iterazioni!$B$2 + Iterazioni!$C$2 * Dati!A8))) -> 0.5 | D8: =C8 - Dati!B8 -> 0.5 | E8: =D8 * Dati!A8 -> 24 | F8: =- (Dati!B8 * LOG(C8) + (1 - Dati!B8) * LOG(1 - C8)) -> 0.30103
A9: 82 | B9: 0 | C9: =1 / (1 + EXP(-(Iterazioni!$B$2 + Iterazioni!$C$2 * Dati!A9))) -> 0.5 | D9: =C9 - Dati!B9 -> 0.5 | E9: =D9 * Dati!A9 -> 41 | F9: =- (Dati!B9 * LOG(C9) + (1 - Dati!B9) * LOG(1 - C9)) -> 0.30103
A10: 81 | B10: 0 | C10: =1 / (1 + EXP(-(Iterazioni!$B$2 + Iterazioni!$C$2 * Dati!A10))) -> 0.5 | D10: =C10 - Dati!B10 -> 0.5 | E10: =D10 * Dati!A10 -> 40.5 | F10: =- (Dati!B10 * LOG(C10) + (1 - Dati!B10) * LOG(1 - C10)) -> 0.30103
A11: 73 | B11: 0 | C11: =1 / (1 + EXP(-(Iterazioni!$B$2 + Iterazioni!$C$2 * Dati!A11))) -> 0.5 | D11: =C11 - Dati!B11 -> 0.5 | E11: =D11 * Dati!A11 -> 36.5 | F11: =- (Dati!B11 * LOG(C11) + (1 - Dati!B11) * LOG(1 - C11)) -> 0.30103
A12: 84 | B12: 1 | C12: =1 / (1 + EXP(-(Iterazioni!$B$2 + Iterazioni!$C$2 * Dati!A12))) -> 0.5 | D12: =C12 - Dati!B12 -> -0.5 | E12: =D12 * Dati!A12 -> -42 | F12: =- (Dati!B12 * LOG(C12) + (1 - Dati!B12) * LOG(1 - C12)) -> 0.30103
A13: 62 | B13: 1 | C13: =1 / (1 + EXP(-(Iterazioni!$B$2 + Iterazioni!$C$2 * Dati!A13))) -> 0.5 | D13: =C13 - Dati!B13 -> -0.5 | E13: =D13 * Dati!A13 -> -31 | F13: =- (Dati!B13 * LOG(C13) + (1 - Dati!B13) * LOG(1 - C13)) -> 0.30103
... A46: 61 | B46: 0 | C46: =1 / (1 + EXP(-(Iterazioni!$B$2 + Iterazioni!$C$2 * Dati!A46))) -> 0.5 | D46: =C46 - Dati!B46 -> 0.5 | E46: =D46 * Dati!A46 -> 30.5 | F46: =- (Dati!B46 * LOG(C46) + (1 - Dati!B46) * LOG(1 - C46)) -> 0.30103

Sheet Calcoli-iter-2
A1: Età (X) | B1: Obesità (Y) | C1: Sigmoide | D1: Errore | E1: Errore*x | F1: LogLoss_i
A2: 35 | B2: 0 | C2: =1 / (1 + EXP(-(Iterazioni!$B$3 + Iterazioni!$C$3 * Dati!A2))) -> 0.0026833562 | D2: =C2 - Dati!B2 -> 0.0026833562 | E2: =D2 * Dati!A2 -> 0.093917466 | F2: =- (Dati!B2 * LOG(C2) + (1 - Dati!B2) * LOG(1 - C2)) -> 0.0011669331
A3: 45 | B3: 0 | C3: =1 / (1 + EXP(-(Iterazioni!$B$3 + Iterazioni!$C$3 * Dati!A3))) -> 0.00049621744 | D3: =C3 - Dati!B3 -> 0.00049621744 | E3: =D3 * Dati!A3 -> 0.022329785 | F3: =- (Dati!B3 * LOG(C3) + (1 - Dati!B3) * LOG(1 - C3)) -> 0.00021555798
A4: 55 | B4: 0 | C4: =1 / (1 + EXP(-(Iterazioni!$B$3 + Iterazioni!$C$3 * Dati!A4))) -> 9.1598872e-05 | D4: =C4 - Dati!B4 -> 9.1598872e-05 | E4: =D4 * Dati!A4 -> 0.0050379379 | F4: =- (Dati!B4 * LOG(C4) + (1 - Dati!B4) * LOG(1 - C4)) -> 3.9782707e-05
A5: 25 | B5: 0 | C5: =1 / (1 + EXP(-(Iterazioni!$B$3 + Iterazioni!$C$3 * Dati!A5))) -> 0.014371959 | D5: =C5 - Dati!B5 -> 0.014371959 | E5: =D5 * Dati!A5 -> 0.35929898 | F5: =- (Dati!B5 * LOG(C5) + (1 - Dati!B5) * LOG(1 - C5)) -> 0.0062869495
A6: 65 | B6: 1 | C6: =1 / (1 + EXP(-(Iterazioni!$B$3 + Iterazioni!$C$3 * Dati!A6))) -> 1.6903043e-05 | D6: =C6 - Dati!B6 -> -0.9999831 | E6: =D6 * Dati!A6 -> -64.998901 | F6: =- (Dati!B6 * LOG(C6) + (1 - Dati!B6) * LOG(1 - C6)) -> 4.7720351
A7: 80 | B7: 0 | C7: =1 / (1 + EXP(-(Iterazioni!$B$3 + Iterazioni!$C$3 * Dati!A7))) -> 1.3397851e-06 | D7: =C7 - Dati!B7 -> 1.3397851e-06 | E7: =D7 * Dati!A7 -> 0.00010718281 | F7: =- (Dati!B7 * LOG(C7) + (1 - Dati!B7) * LOG(1 - C7)) -> 5.8186166e-07
A8: 48 | B8: 0 | C8: =1 / (1 + EXP(-(Iterazioni!$B$3 + Iterazioni!$C$3 * Dati!A8))) -> 0.00029893064 | D8: =C8 - Dati!B8 -> 0.00029893064 | E8: =D8 * Dati!A8 -> 0.014348671 | F8: =- (Dati!B8 * LOG(C8) + (1 - Dati!B8) * LOG(1 - C8)) -> 0.00012984334
A9: 82 | B9: 0 | C9: =1 / (1 + EXP(-(Iterazioni!$B$3 + Iterazioni!$C$3 * Dati!A9))) -> 9.5552878e-07 | D9: =C9 - Dati!B9 -> 9.5552878e-07 | E9: =D9 * Dati!A9 -> 7.835336e-05 | F9: =- (Dati!B9 * LOG(C9) + (1 - Dati!B9) * LOG(1 - C9)) -> 4.1498107e-07
A10: 81 | B10: 0 | C10: =1 / (1 + EXP(-(Iterazioni!$B$3 + Iterazioni!$C$3 * Dati!A10))) -> 1.1314607e-06 | D10: =C10 - Dati!B10 -> 1.1314607e-06 | E10: =D10 * Dati!A10 -> 9.1648314e-05 | F10: =- (Dati!B10 * LOG(C10) + (1 - Dati!B10) * LOG(1 - C10)) -> 4.913874e-07
A11: 73 | B11: 0 | C11: =1 / (1 + EXP(-(Iterazioni!$B$3 + Iterazioni!$C$3 * Dati!A11))) -> 4.3732489e-06 | D11: =C11 - Dati!B11 -> 4.3732489e-06 | E11: =D11 * Dati!A11 -> 0.00031924717 | F11: =- (Dati!B11 * LOG(C11) + (1 - Dati!B11) * LOG(1 - C11)) -> 1.899282e-06
A12: 84 | B12: 1 | C12: =1 / (1 + EXP(-(Iterazioni!$B$3 + Iterazioni!$C$3 * Dati!A12))) -> 6.8147881e-07 | D12: =C12 - Dati!B12 -> -0.99999932 | E12: =D12 * Dati!A12 -> -83.999943 | F12: =- (Dati!B12 * LOG(C12) + (1 - Dati!B12) * LOG(1 - C12)) -> 6.1665476
A13: 62 | B13: 1 | C13: =1 / (1 + EXP(-(Iterazioni!$B$3 + Iterazioni!$C$3 * Dati!A13))) -> 2.8063856e-05 | D13: =C13 - Dati!B13 -> -0.99997194 | E13: =D13 * Dati!A13 -> -61.99826 | F13: =- (Dati!B13 * LOG(C13) + (1 - Dati!B13) * LOG(1 - C13)) -> 4.5518527
... A46: 61 | B46: 0 | C46: =1 / (1 + EXP(-(Iterazioni!$B$3 + Iterazioni!$C$3 * Dati!A46))) -> 3.3230806e-05 | D46: =C46 - Dati!B46 -> 3.3230806e-05 | E46: =D46 * Dati!A46 -> 0.0020270791 | F46: =- (Dati!B46 * LOG(C46) + (1 - Dati!B46) * LOG(1 - C46)) -> 1.4432195e-05

Sheet Calcoli-iter-3
A1: Età (X) | B1: Obesità (Y) | C1: Sigmoide | D1: Errore | E1: Errore*x | F1: LogLoss_i
A2: 35 | B2: 0 | C2: =1 / (1 + EXP(-(Iterazioni!$B$4 + Iterazioni!$C$4 * Dati!A2))) -> 0.21483898 | D2: =C2 - Dati!B2 -> 0.21483898 | E2: =D2 * Dati!A2 -> 7.5193643 | F2: =- (Dati!B2 * LOG(C2) + (1 - Dati!B2) * LOG(1 - C2)) -> 0.10504127
A3: 45 | B3: 0 | C3: =1 / (1 + EXP(-(Iterazioni!$B$4 + Iterazioni!$C$4 * Dati!A3))) -> 0.15895821 | D3: =C3 - Dati!B3 -> 0.15895821 | E3: =D3 * Dati!A3 -> 7.1531195 | F3: =- (Dati!B3 * LOG(C3) + (1 - Dati!B3) * LOG(1 - C3)) -> 0.075182425
A4: 55 | B4: 0 | C4: =1 / (1 + EXP(-(Iterazioni!$B$4 + Iterazioni!$C$4 * Dati!A4))) -> 0.11547467 | D4: =C4 - Dati!B4 -> 0.11547467 | E4: =D4 * Dati!A4 -> 6.3511066 | F4: =- (Dati!B4 * LOG(C4) + (1 - Dati!B4) * LOG(1 - C4)) -> 0.053289723
A5: 25 | B5: 0 | C5: =1 / (1 + EXP(-(Iterazioni!$B$4 + Iterazioni!$C$4 * Dati!A5))) -> 0.28373693 | D5: =C5 - Dati!B5 -> 0.28373693 | E5: =D5 * Dati!A5 -> 7.0934233 | F5: =- (Dati!B5 * LOG(C5) + (1 - Dati!B5) * LOG(1 - C5)) -> 0.14492744
A6: 65 | B6: 1 | C6: =1 / (1 + EXP(-(Iterazioni!$B$4 + Iterazioni!$C$4 * Dati!A6))) -> 0.082716309 | D6: =C6 - Dati!B6 -> -0.91728369 | E6: =D6 * Dati!A6 -> -59.62344 | F6: =- (Dati!B6 * LOG(C6) + (1 - Dati!B6) * LOG(1 - C6)) -> 1.0824089
A7: 80 | B7: 0 | C7: =1 / (1 + EXP(-(Iterazioni!$B$4 + Iterazioni!$C$4 * Dati!A7))) -> 0.049219188 | D7: =C7 - Dati!B7 -> 0.049219188 | E7: =D7 * Dati!A7 -> 3.9375351 | F7: =- (Dati!B7 * LOG(C7) + (1 - Dati!B7) * LOG(1 - C7)) -> 0.021919592
A8: 48 | B8: 0 | C8: =1 / (1 + EXP(-(Iterazioni!$B$4 + Iterazioni!$C$4 * Dati!A8))) -> 0.14467397 | D8: =C8 - Dati!B8 -> 0.14467397 | E8: =D8 * Dati!A8 -> 6.9443505 | F8: =- (Dati!B8 * LOG(C8) + (1 - Dati!B8) * LOG(1 - C8)) -> 0.06786831
A9: 82 | B9: 0 | C9: =1 / (1 + EXP(-(Iterazioni!$B$4 + Iterazioni!$C$4 * Dati!A9))) -> 0.045869502 | D9: =C9 - Dati!B9 -> 0.045869502 | E9: =D9 * Dati!A9 -> 3.7612992 | F9: =- (Dati!B9 * LOG(C9) + (1 - Dati!B9) * LOG(1 - C9)) -> 0.020392222
A10: 81 | B10: 0 | C10: =1 / (1 + EXP(-(Iterazioni!$B$4 + Iterazioni!$C$4 * Dati!A10))) -> 0.047516308 | D10: =C10 - Dati!B10 -> 0.047516308 | E10: =D10 * Dati!A10 -> 3.848821 | F10: =- (Dati!B10 * LOG(C10) + (1 - Dati!B10) * LOG(1 - C10)) -> 0.021142452
A11: 73 | B11: 0 | C11: =1 / (1 + EXP(-(Iterazioni!$B$4 + Iterazioni!$C$4 * Dati!A11))) -> 0.062855444 | D11: =C11 - Dati!B11 -> 0.062855444 | E11: =D11 * Dati!A11 -> 4.5884474 | F11: =- (Dati!B11 * LOG(C11) + (1 - Dati!B11) * LOG(1 - C11)) -> 0.028193413
A12: 84 | B12: 1 | C12: =1 / (1 + EXP(-(Iterazioni!$B$4 + Iterazioni!$C$4 * Dati!A12))) -> 0.042737537 | D12: =C12 - Dati!B12 -> -0.95726246 | E12: =D12 * Dati!A12 -> -80.410047 | F12: =- (Dati!B12 * LOG(C12) + (1 - Dati!B12) * LOG(1 - C12)) -> 1.3691905
A13: 62 | B13: 1 | C13: =1 / (1 + EXP(-(Iterazioni!$B$4 + Iterazioni!$C$4 * Dati!A13))) -> 0.091537906 | D13: =C13 - Dati!B13 -> -0.90846209 | E13: =D13 * Dati!A13 -> -56.32465 | F13: =- (Dati!B13 * LOG(C13) + (1 - Dati!B13) * LOG(1 - C13)) -> 1.038399
... A46: 61 | B46: 0 | C46: =1 / (1 + EXP(-(Iterazioni!$B$4 + Iterazioni!$C$4 * Dati!A46))) -> 0.094661632 | D46: =C46 - Dati!B46 -> 0.094661632 | E46: =D46 * Dati!A46 -> 5.7743595 | F46: =- (Dati!B46 * LOG(C46) + (1 - Dati!B46) * LOG(1 - C46)) -> 0.043189074

Sheet Calcoli-iter-4
A1: Età (X) | B1: Obesità (Y) | C1: Sigmoide | D1: Errore | E1: Errore*x | F1: LogLoss_i
A2: 35 | B2: 0 | C2: =1 / (1 + EXP(-(Iterazioni!$B$5 + Iterazioni!$C$5 * Dati!A2))) -> 0.79067517 | D2: =C2 - Dati!B2 -> 0.79067517 | E2: =D2 * Dati!A2 -> 27.673631 | F2: =- (Dati!B2 * LOG(C2) + (1 - Dati!B2) * LOG(1 - C2)) -> 0.67917926
A3: 45 | B3: 0 | C3: =1 / (1 + EXP(-([1]Iterazioni!$B$5 + [1]Iterazioni!$C$5 * [1]Dati!A3))) -> 0.85496429 | D3: =C3 - [1]Dati!B3 -> 0.85496429 | E3: =D3 * [1]Dati!A3 -> 38.473393 | F3: =- ([1]Dati!B3 * LOG(C3) + (1 - [1]Dati!B3) * LOG(1 - C3)) -> 0.83852504
A4: 55 | B4: 0 | C4: =1 / (1 + EXP(-([1]Iterazioni!$B$5 + [1]Iterazioni!$C$5 * [1]Dati!A4))) -> 0.89738366 | D4: =C4 - [1]Dati!B4 -> 0.89738366 | E4: =D4 * [1]Dati!A4 -> 49.356101 | F4: =- ([1]Dati!B4 * LOG(C4) + (1 - [1]Dati!B4) * LOG(1 - C4)) -> 0.98878346
A5: 25 | B5: 0 | C5: =1 / (1 + EXP(-([1]Iterazioni!$B$5 + [1]Iterazioni!$C$5 * [1]Dati!A5))) -> 0.72815196 | D5: =C5 - [1]Dati!B5 -> 0.72815196 | E5: =D5 * [1]Dati!A5 -> 18.203799 | F5: =- ([1]Dati!B5 * LOG(C5) + (1 - [1]Dati!B5) * LOG(1 - C5)) -> 0.5656738
A6: 65 | B6: 1 | C6: =1 / (1 + EXP(-([1]Iterazioni!$B$5 + [1]Iterazioni!$C$5 * [1]Dati!A6))) -> 0.92843491 | D6: =C6 - [1]Dati!B6 -> -0.071565094 | E6: =D6 * [1]Dati!A6 -> -4.6517311 | F6: =- ([1]Dati!B6 * LOG(C6) + (1 - [1]Dati!B6) * LOG(1 - C6)) -> 0.03224854
A7: 80 | B7: 0 | C7: =1 / (1 + EXP(-([1]Iterazioni!$B$5 + [1]Iterazioni!$C$5 * [1]Dati!A7))) -> 0.95908577 | D7: =C7 - [1]Dati!B7 -> 0.95908577 | E7: =D7 * [1]Dati!A7 -> 76.726862 | F7: =- ([1]Dati!B7 * LOG(C7) + (1 - [1]Dati!B7) * LOG(1 - C7)) -> 1.3881257
A8: 48 | B8: 0 | C8: =1 / (1 + EXP(-([1]Iterazioni!$B$5 + [1]Iterazioni!$C$5 * [1]Dati!A8))) -> 0.86902912 | D8: =C8 - [1]Dati!B8 -> 0.86902912 | E8: =D8 * [1]Dati!A8 -> 41.713398 | F8: =- ([1]Dati!B8 * LOG(C8) + (1 - [1]Dati!B8) * LOG(1 - C8)) -> 0.88282527
A9: 82 | B9: 0 | C9: =1 / (1 + EXP(-([1]Iterazioni!$B$5 + [1]Iterazioni!$C$5 * [1]Dati!A9))) -> 0.96207143 | D9: =C9 - [1]Dati!B9 -> 0.96207143 | E9: =D9 * [1]Dati!A9 -> 78.889857 | F9: =- ([1]Dati!B9 * LOG(C9) + (1 - [1]Dati!B9) * LOG(1 - C9)) -> 1.4210335
A10: 81 | B10: 0 | C10: =1 / (1 + EXP(-([1]Iterazioni!$B$5 + [1]Iterazioni!$C$5 * [1]Dati!A10))) -> 0.96060572 | D10: =C10 - [1]Dati!B10 -> 0.96060572 | E10: =D10 * [1]Dati!A10 -> 77.809063 | F10: =- ([1]Dati!B10 * LOG(C10) + (1 - [1]Dati!B10) * LOG(1 - C10)) -> 1.4045668
A11: 73 | B11: 0 | C11: =1 / (1 + EXP(-([1]Iterazioni!$B$5 + [1]Iterazioni!$C$5 * [1]Dati!A11))) -> 0.9467692 | D11: =C11 - [1]Dati!B11 -> 0.9467692 | E11: =D11 * [1]Dati!A11 -> 69.114151 | F11: =- ([1]Dati!B11 * LOG(C11) + (1 - [1]Dati!B11) * LOG(1 - C11)) -> 1.273837
A12: 84 | B12: 1 | C12: =1 / (1 + EXP(-([1]Iterazioni!$B$5 + [1]Iterazioni!$C$5 * [1]Dati!A12))) -> 0.96484719 | D12: =C12 - [1]Dati!B12 -> -0.035152806 | E12: =D12 * [1]Dati!A12 -> -2.9528357 | F12: =- ([1]Dati!B12 * LOG(C12) + (1 - [1]Dati!B12) * LOG(1 - C12)) -> 0.015541462
A13: 62 | B13: 1 | C13: =1 / (1 + EXP(-([1]Iterazioni!$B$5 + [1]Iterazioni!$C$5 * [1]Dati!A13))) -> 0.92016352 | D13: =C13 - [1]Dati!B13 -> -0.07983648 | E13: =D13 * [1]Dati!A13 -> -4.9498617 | F13: =- ([1]Dati!B13 * LOG(C13) + (1 - [1]Dati!B13) * LOG(1 - C13)) -> 0.036134988
A14: 53 | B14: 0 | C14: =1 / (1 + EXP(-([1]Iterazioni!$B$5 + [1]Iterazioni!$C$5 * [1]Dati!A14))) -> 0.88988872 | D14: =C14 - [1]Dati!B14 -> 0.88988872 | E14: =D14 * [1]Dati!A14 -> 47.164102 | F14: =- ([1]Dati!B14 * LOG(C14) + (1 - [1]Dati!B14) * LOG(1 - C14)) -> 0.95816819
... A46: 61 | B46: 0 | C46: =1 / (1 + EXP(-([1]Iterazioni!$B$5 + [1]Iterazioni!$C$5 * [1]Dati!A46))) -> 0.91721767 | D46: =C46 - [1]Dati!B46 -> 0.91721767 | E46: =D46 * [1]Dati!A46 -> 55.950278 | F46: =- ([1]Dati!B46 * LOG(C46) + (1 - [1]Dati!B46) * LOG(1 - C46)) -> 1.0820624

Sheet Calcoli-iter-5
A1: Età (X) | B1: Obesità (Y) | C1: Sigmoide | D1: Errore | E1: Errore*x | F1: LogLoss_i
A2: 35 | B2: 0 | C2: =1 / (1 + EXP(-(Iterazioni!$B$6 + Iterazioni!$C$6 * Dati!A2))) -> 1.4955725e-06 | D2: =C2 - Dati!B2 -> 1.4955725e-06 | E2: =D2 * Dati!A2 -> 5.2345037e-05 | F2: =- (Dati!B2 * LOG(C2) + (1 - Dati!B2) * LOG(1 - C2)) -> 6.4951936e-07
A3: 45 | B3: 0 | C3: =1 / (1 + EXP(-(Iterazioni!$B$6 + Iterazioni!$C$6 * Dati!A3))) -> 3.2468351e-08 | D3: =C3 - Dati!B3 -> 3.2468351e-08 | E3: =D3 * Dati!A3 -> 1.4610758e-06 | F3: =- (Dati!B3 * LOG(C3) + (1 - Dati!B3) * LOG(1 - C3)) -> 1.4100826e-08
A4: 55 | B4: 0 | C4: =1 / (1 + EXP(-(Iterazioni!$B$6 + Iterazioni!$C$6 * Dati!A4))) -> 7.0487545e-10 | D4: =C4 - Dati!B4 -> 7.0487545e-10 | E4: =D4 * Dati!A4 -> 3.876815e-08 | F4: =- (Dati!B4 * LOG(C4) + (1 - Dati!B4) * LOG(1 - C4)) -> 3.0612354e-10
A5: 25 | B5: 0 | C5: =1 / (1 + EXP(-(Iterazioni!$B$6 + Iterazioni!$C$6 * Dati!A5))) -> 6.8885222e-05 | D5: =C5 - Dati!B5 -> 6.8885222e-05 | E5: =D5 * Dati!A5 -> 0.0017221306 | F5: =- (Dati!B5 * LOG(C5) + (1 - Dati!B5) * LOG(1 - C5)) -> 2.9917502e-05
A6: 65 | B6: 1 | C6: =1 / (1 + EXP(-(Iterazioni!$B$6 + Iterazioni!$C$6 * Dati!A6))) -> 1.5302575e-11 | D6: =C6 - Dati!B6 -> -1 | E6: =D6 * Dati!A6 -> -65 | F6: =- (Dati!B6 * LOG(C6) + (1 - Dati!B6) * LOG(1 - C6)) -> 10.815235
A7: 80 | B7: 0 | C7: =1 / (1 + EXP(-(Iterazioni!$B$6 + Iterazioni!$C$6 * Dati!A7))) -> 4.8948875e-14 | D7: =C7 - Dati!B7 -> 4.8948875e-14 | E7: =D7 * Dati!A7 -> 3.91591e-12 | F7: =- (Dati!B7 * LOG(C7) + (1 - Dati!B7) * LOG(1 - C7)) -> 2.1263421e-14
A8: 48 | B8: 0 | C8: =1 / (1 + EXP(-(Iterazioni!$B$6 + Iterazioni!$C$6 * Dati!A8))) -> 1.029096e-08 | D8: =C8 - Dati!B8 -> 1.029096e-08 | E8: =D8 * Dati!A8 -> 4.9396607e-07 | F8: =- (Dati!B8 * LOG(C8) + (1 - Dati!B8) * LOG(1 - C8)) -> 4.4693071e-09
A9: 82 | B9: 0 | C9: =1 / (1 + EXP(-(Iterazioni!$B$6 + Iterazioni!$C$6 * Dati!A9))) -> 2.2754806e-14 | D9: =C9 - Dati!B9 -> 2.2754806e-14 | E9: =D9 * Dati!A9 -> 1.8658941e-12 | F9: =- (Dati!B9 * LOG(C9) + (1 - Dati!B9) * LOG(1 - C9)) -> 9.8843565e-15
A10: 81 | B10: 0 | C10: =1 / (1 + EXP(-(Iterazioni!$B$6 + Iterazioni!$C$6 * Dati!A10))) -> 3.3373975e-14 | D10: =C10 - Dati!B10 -> 3.3373975e-14 | E10: =D10 * Dati!A10 -> 2.7032919e-12 | F10: =- (Dati!B10 * LOG(C10) + (1 - Dati!B10) * LOG(1 - C10)) -> 1.4513128e-14
A11: 73 | B11: 0 | C11: =1 / (1 + EXP(-(Iterazioni!$B$6 + Iterazioni!$C$6 * Dati!A11))) -> 7.146382e-13 | D11: =C11 - Dati!B11 -> 7.146382e-13 | E11: =D11 * Dati!A11 -> 5.2168588e-11 | F11: =- (Dati!B11 * LOG(C11) + (1 - Dati!B11) * LOG(1 - C11)) -> 3.103688e-13
A12: 84 | B12: 1 | C12: =1 / (1 + EXP(-(Iterazioni!$B$6 + Iterazioni!$C$6 * Dati!A12))) -> 1.0578e-14 | D12: =C12 - Dati!B12 -> -1 | E12: =D12 * Dati!A12 -> -84 | F12: =- (Dati!B12 * LOG(C12) + (1 - Dati!B12) * LOG(1 - C12)) -> 13.975596
A13: 62 | B13: 1 | C13: =1 / (1 + EXP(-(Iterazioni!$B$6 + Iterazioni!$C$6 * Dati!A13))) -> 4.828018e-11 | D13: =C13 - Dati!B13 -> -1 | E13: =D13 * Dati!A13 -> -62 | F13: =- (Dati!B13 * LOG(C13) + (1 - Dati!B13) * LOG(1 - C13)) -> 10.316231
... A46: 61 | B46: 0 | C46: =1 / (1 + EXP(-(Iterazioni!$B$6 + Iterazioni!$C$6 * Dati!A46))) -> 7.0811479e-11 | D46: =C46 - Dati!B46 -> 7.0811479e-11 | E46: =D46 * Dati!A46 -> 4.3195002e-09 | F46: =- (Dati!B46 * LOG(C46) + (1 - Dati!B46) * LOG(1 - C46)) -> 3.075303e-11

Sheet Calcoli-iter-6
A1: Età (X) | B1: Obesità (Y) | C1: Sigmoide | D1: Errore | E1: Errore*x | F1: LogLoss_i
A2: 35 | B2: 0 | C2: =1 / (1 + EXP(-(Iterazioni!$B$7 + Iterazioni!$C$7 * Dati!A2))) -> 0.0001574886 | D2: =C2 - Dati!B2 -> 0.0001574886 | E2: =D2 * Dati!A2 -> 0.0055121009 | F2: =- (Dati!B2 * LOG(C2) + (1 - Dati!B2) * LOG(1 - C2)) -> 6.8401815e-05
A3: 45 | B3: 0 | C3: =1 / (1 + EXP(-(Iterazioni!$B$7 + Iterazioni!$C$7 * Dati!A3))) -> 1.292932e-05 | D3: =C3 - Dati!B3 -> 1.292932e-05 | E3: =D3 * Dati!A3 -> 0.00058181942 | F3: =- (Dati!B3 * LOG(C3) + (1 - Dati!B3) * LOG(1 - C3)) -> 5.6151688e-06
A4: 55 | B4: 0 | C4: =1 / (1 + EXP(-(Iterazioni!$B$7 + Iterazioni!$C$7 * Dati!A4))) -> 1.0613158e-06 | D4: =C4 - Dati!B4 -> 1.0613158e-06 | E4: =D4 * Dati!A4 -> 5.8372371e-05 | F4: =- (Dati!B4 * LOG(C4) + (1 - Dati!B4) * LOG(1 - C4)) -> 4.6092386e-07
A5: 25 | B5: 0 | C5: =1 / (1 + EXP(-(Iterazioni!$B$7 + Iterazioni!$C$7 * Dati!A5))) -> 0.0019152309 | D5: =C5 - Dati!B5 -> 0.0019152309 | E5: =D5 * Dati!A5 -> 0.047880774 | F5: =- (Dati!B5 * LOG(C5) + (1 - Dati!B5) * LOG(1 - C5)) -> 0.00083257177
A6: 65 | B6: 1 | C6: =1 / (1 + EXP(-(Iterazioni!$B$7 + Iterazioni!$C$7 * Dati!A6))) -> 8.7118194e-08 | D6: =C6 - Dati!B6 -> -0.99999991 | E6: =D6 * Dati!A6 -> -64.999994 | F6: =- (Dati!B6 * LOG(C6) + (1 - Dati!B6) * LOG(1 - C6)) -> 7.0598911
A7: 80 | B7: 0 | C7: =1 / (1 + EXP(-(Iterazioni!$B$7 + Iterazioni!$C$7 * Dati!A7))) -> 2.0488237e-09 | D7: =C7 - Dati!B7 -> 2.0488237e-09 | E7: =D7 * Dati!A7 -> 1.639059e-07 | F7: =- (Dati!B7 * LOG(C7) + (1 - Dati!B7) * LOG(1 - C7)) -> 8.8979286e-10
A8: 48 | B8: 0 | C8: =1 / (1 + EXP(-(Iterazioni!$B$7 + Iterazioni!$C$7 * Dati!A8))) -> 6.1074202e-06 | D8: =C8 - Dati!B8 -> 6.1074202e-06 | E8: =D8 * Dati!A8 -> 0.00029315617 | F8: =- (Dati!B8 * LOG(C8) + (1 - Dati!B8) * LOG(1 - C8)) -> 2.652427e-06
A9: 82 | B9: 0 | C9: =1 / (1 + EXP(-(Iterazioni!$B$7 + Iterazioni!$C$7 * Dati!A9))) -> 1.2426744e-09 | D9: =C9 - Dati!B9 -> 1.2426744e-09 | E9: =D9 * Dati!A9 -> 1.018993e-07 | F9: =- (Dati!B9 * LOG(C9) + (1 - Dati!B9) * LOG(1 - C9)) -> 5.3968664e-10
A10: 81 | B10: 0 | C10: =1 / (1 + EXP(-(Iterazioni!$B$7 + Iterazioni!$C$7 * Dati!A10))) -> 1.5956255e-09 | D10: =C10 - Dati!B10 -> 1.5956255e-09 | E10: =D10 * Dati!A10 -> 1.2924567e-07 | F10: =- (Dati!B10 * LOG(C10) + (1 - Dati!B10) * LOG(1 - C10)) -> 6.9297136e-10
A11: 73 | B11: 0 | C11: =1 / (1 + EXP(-(Iterazioni!$B$7 + Iterazioni!$C$7 * Dati!A11))) -> 1.1790166e-08 | D11: =C11 - Dati!B11 -> 1.1790166e-08 | E11: =D11 * Dati!A11 -> 8.6068214e-07 | F11: =- (Dati!B11 * LOG(C11) + (1 - Dati!B11) * LOG(1 - C11)) -> 5.1204042e-09
A12: 84 | B12: 1 | C12: =1 / (1 + EXP(-(Iterazioni!$B$7 + Iterazioni!$C$7 * Dati!A12))) -> 7.5372013e-10 | D12: =C12 - Dati!B12 -> -1 | E12: =D12 * Dati!A12 -> -84 | F12: =- (Dati!B12 * LOG(C12) + (1 - Dati!B12) * LOG(1 - C12)) -> 9.1227899
A13: 62 | B13: 1 | C13: =1 / (1 + EXP(-(Iterazioni!$B$7 + Iterazioni!$C$7 * Dati!A13))) -> 1.844292e-07 | D13: =C13 - Dati!B13 -> -0.99999982 | E13: =D13 * Dati!A13 -> -61.999989 | F13: =- (Dati!B13 * LOG(C13) + (1 - Dati!B13) * LOG(1 - C13)) -> 6.7341703
... A46: 61 | B46: 0 | C46: =1 / (1 + EXP(-(Iterazioni!$B$7 + Iterazioni!$C$7 * Dati!A46))) -> 2.3681177e-07 | D46: =C46 - Dati!B46 -> 2.3681177e-07 | E46: =D46 * Dati!A46 -> 1.4445518e-05 | F46: =- (Dati!B46 * LOG(C46) + (1 - Dati!B46) * LOG(1 - C46)) -> 1.0284606e-07
